question_id,noise_rate,mode,n_gold,n_derived_goals,true_positives,false_positives,false_negatives,precision,recall,f1
3hop_comp_0,0.0,classic_lp,73,73,73,0,0,1.0,1.0,1.0
3hop_comp_0,0.0,sell,73,22,22,0,51,1.0,0.3013698630136986,0.4631578947368421
3hop_comp_3,0.0,classic_lp,75,75,75,0,0,1.0,1.0,1.0
3hop_comp_3,0.0,sell,75,25,25,0,50,1.0,0.3333333333333333,0.5
3hop_comp_9,0.0,classic_lp,60,60,60,0,0,1.0,1.0,1.0
3hop_comp_9,0.0,sell,60,17,17,0,43,1.0,0.2833333333333333,0.4415584415584416
3hop_comp_10,0.0,classic_lp,76,76,76,0,0,1.0,1.0,1.0
3hop_comp_10,0.0,sell,76,24,24,0,52,1.0,0.3157894736842105,0.4799999999999999
3hop_comp_13,0.0,classic_lp,74,74,74,0,0,1.0,1.0,1.0
3hop_comp_13,0.0,sell,74,22,22,0,52,1.0,0.2972972972972973,0.4583333333333333
3hop_comp_15,0.0,classic_lp,64,64,64,0,0,1.0,1.0,1.0
3hop_comp_15,0.0,sell,64,15,15,0,49,1.0,0.234375,0.379746835443038
3hop_comp_21,0.0,classic_lp,79,79,79,0,0,1.0,1.0,1.0
3hop_comp_21,0.0,sell,79,34,34,0,45,1.0,0.43037974683544306,0.6017699115044248
3hop_comp_26,0.0,classic_lp,80,80,80,0,0,1.0,1.0,1.0
3hop_comp_26,0.0,sell,80,35,35,0,45,1.0,0.4375,0.6086956521739131
3hop_comp_29,0.0,classic_lp,78,78,78,0,0,1.0,1.0,1.0
3hop_comp_29,0.0,sell,78,30,30,0,48,1.0,0.38461538461538464,0.5555555555555556
3hop_comp_32,0.0,classic_lp,80,80,80,0,0,1.0,1.0,1.0
3hop_comp_32,0.0,sell,80,31,31,0,49,1.0,0.3875,0.5585585585585586
3hop_comp_35,0.0,classic_lp,77,77,77,0,0,1.0,1.0,1.0
3hop_comp_35,0.0,sell,77,23,23,0,54,1.0,0.2987012987012987,0.45999999999999996
3hop_comp_36,0.0,classic_lp,71,71,71,0,0,1.0,1.0,1.0
3hop_comp_36,0.0,sell,71,17,17,0,54,1.0,0.23943661971830985,0.38636363636363635
3hop_comp_43,0.0,classic_lp,53,53,53,0,0,1.0,1.0,1.0
3hop_comp_43,0.0,sell,53,15,15,0,38,1.0,0.2830188679245283,0.4411764705882353
3hop_comp_46,0.0,classic_lp,65,65,65,0,0,1.0,1.0,1.0
3hop_comp_46,0.0,sell,65,23,23,0,42,1.0,0.35384615384615387,0.5227272727272727
3hop_comp_53,0.0,classic_lp,75,75,75,0,0,1.0,1.0,1.0
3hop_comp_53,0.0,sell,75,25,25,0,50,1.0,0.3333333333333333,0.5
3hop_comp_59,0.0,classic_lp,66,66,66,0,0,1.0,1.0,1.0
3hop_comp_59,0.0,sell,66,15,15,0,51,1.0,0.22727272727272727,0.37037037037037035
3hop_comp_60,0.0,classic_lp,64,64,64,0,0,1.0,1.0,1.0
3hop_comp_60,0.0,sell,64,30,30,0,34,1.0,0.46875,0.6382978723404256
3hop_comp_64,0.0,classic_lp,61,61,61,0,0,1.0,1.0,1.0
3hop_comp_64,0.0,sell,61,22,22,0,39,1.0,0.36065573770491804,0.5301204819277109
3hop_comp_67,0.0,classic_lp,75,75,75,0,0,1.0,1.0,1.0
3hop_comp_67,0.0,sell,75,28,28,0,47,1.0,0.37333333333333335,0.5436893203883496
3hop_comp_72,0.0,classic_lp,74,74,74,0,0,1.0,1.0,1.0
3hop_comp_72,0.0,sell,74,28,28,0,46,1.0,0.3783783783783784,0.5490196078431372
3hop_comp_73,0.0,classic_lp,72,72,72,0,0,1.0,1.0,1.0
3hop_comp_73,0.0,sell,72,35,35,0,37,1.0,0.4861111111111111,0.6542056074766355
3hop_comp_75,0.0,classic_lp,71,83,71,12,0,0.8554216867469879,1.0,0.922077922077922
3hop_comp_75,0.0,sell,71,29,27,2,44,0.9310344827586207,0.38028169014084506,0.54
3hop_comp_77,0.0,classic_lp,78,78,78,0,0,1.0,1.0,1.0
3hop_comp_77,0.0,sell,78,24,24,0,54,1.0,0.3076923076923077,0.47058823529411764
3hop_comp_81,0.0,classic_lp,70,70,70,0,0,1.0,1.0,1.0
3hop_comp_81,0.0,sell,70,21,21,0,49,1.0,0.3,0.4615384615384615
3hop_comp_84,0.0,classic_lp,76,76,76,0,0,1.0,1.0,1.0
3hop_comp_84,0.0,sell,76,26,26,0,50,1.0,0.34210526315789475,0.5098039215686275
3hop_comp_85,0.0,classic_lp,69,69,69,0,0,1.0,1.0,1.0
3hop_comp_85,0.0,sell,69,23,23,0,46,1.0,0.3333333333333333,0.5
3hop_comp_86,0.0,classic_lp,77,77,77,0,0,1.0,1.0,1.0
3hop_comp_86,0.0,sell,77,27,27,0,50,1.0,0.35064935064935066,0.5192307692307693
3hop_comp_87,0.0,classic_lp,79,79,79,0,0,1.0,1.0,1.0
3hop_comp_87,0.0,sell,79,39,39,0,40,1.0,0.4936708860759494,0.6610169491525424
3hop_comp_94,0.0,classic_lp,56,56,56,0,0,1.0,1.0,1.0
3hop_comp_94,0.0,sell,56,15,15,0,41,1.0,0.26785714285714285,0.4225352112676056
3hop_comp_96,0.0,classic_lp,69,69,69,0,0,1.0,1.0,1.0
3hop_comp_96,0.0,sell,69,26,26,0,43,1.0,0.37681159420289856,0.5473684210526316
3hop_comp_100,0.0,classic_lp,52,52,52,0,0,1.0,1.0,1.0
3hop_comp_100,0.0,sell,52,16,16,0,36,1.0,0.3076923076923077,0.47058823529411764
3hop_comp_103,0.0,classic_lp,51,51,51,0,0,1.0,1.0,1.0
3hop_comp_103,0.0,sell,51,15,15,0,36,1.0,0.29411764705882354,0.45454545454545453
3hop_comp_105,0.0,classic_lp,75,75,75,0,0,1.0,1.0,1.0
3hop_comp_105,0.0,sell,75,25,25,0,50,1.0,0.3333333333333333,0.5
3hop_comp_108,0.0,classic_lp,76,76,76,0,0,1.0,1.0,1.0
3hop_comp_108,0.0,sell,76,27,27,0,49,1.0,0.35526315789473684,0.5242718446601942
3hop_comp_109,0.0,classic_lp,78,78,78,0,0,1.0,1.0,1.0
3hop_comp_109,0.0,sell,78,31,31,0,47,1.0,0.3974358974358974,0.5688073394495413
3hop_comp_110,0.0,classic_lp,55,55,55,0,0,1.0,1.0,1.0
3hop_comp_110,0.0,sell,55,17,17,0,38,1.0,0.3090909090909091,0.4722222222222222
3hop_comp_112,0.0,classic_lp,37,37,37,0,0,1.0,1.0,1.0
3hop_comp_112,0.0,sell,37,18,18,0,19,1.0,0.4864864864864865,0.6545454545454547
3hop_comp_115,0.0,classic_lp,69,69,69,0,0,1.0,1.0,1.0
3hop_comp_115,0.0,sell,69,24,24,0,45,1.0,0.34782608695652173,0.5161290322580645
3hop_comp_116,0.0,classic_lp,64,64,64,0,0,1.0,1.0,1.0
3hop_comp_116,0.0,sell,64,27,27,0,37,1.0,0.421875,0.5934065934065934
3hop_comp_120,0.0,classic_lp,80,80,80,0,0,1.0,1.0,1.0
3hop_comp_120,0.0,sell,80,26,26,0,54,1.0,0.325,0.4905660377358491
3hop_comp_121,0.0,classic_lp,75,75,75,0,0,1.0,1.0,1.0
3hop_comp_121,0.0,sell,75,16,16,0,59,1.0,0.21333333333333335,0.3516483516483517
3hop_comp_122,0.0,classic_lp,78,78,78,0,0,1.0,1.0,1.0
3hop_comp_122,0.0,sell,78,26,26,0,52,1.0,0.3333333333333333,0.5
3hop_comp_123,0.0,classic_lp,48,48,48,0,0,1.0,1.0,1.0
3hop_comp_123,0.0,sell,48,15,15,0,33,1.0,0.3125,0.47619047619047616
3hop_comp_130,0.0,classic_lp,70,70,70,0,0,1.0,1.0,1.0
3hop_comp_130,0.0,sell,70,18,18,0,52,1.0,0.2571428571428571,0.40909090909090906
3hop_comp_132,0.0,classic_lp,73,73,73,0,0,1.0,1.0,1.0
3hop_comp_132,0.0,sell,73,24,24,0,49,1.0,0.3287671232876712,0.49484536082474223
3hop_comp_137,0.0,classic_lp,80,80,80,0,0,1.0,1.0,1.0
3hop_comp_137,0.0,sell,80,29,29,0,51,1.0,0.3625,0.5321100917431192
3hop_comp_142,0.0,classic_lp,79,79,79,0,0,1.0,1.0,1.0
3hop_comp_142,0.0,sell,79,31,31,0,48,1.0,0.3924050632911392,0.5636363636363637
3hop_comp_0,0.1,classic_lp,73,66,66,0,7,1.0,0.9041095890410958,0.949640287769784
3hop_comp_0,0.1,sell,73,22,22,0,51,1.0,0.3013698630136986,0.4631578947368421
3hop_comp_3,0.1,classic_lp,75,75,75,0,0,1.0,1.0,1.0
3hop_comp_3,0.1,sell,75,25,25,0,50,1.0,0.3333333333333333,0.5
3hop_comp_9,0.1,classic_lp,60,60,60,0,0,1.0,1.0,1.0
3hop_comp_9,0.1,sell,60,17,17,0,43,1.0,0.2833333333333333,0.4415584415584416
3hop_comp_10,0.1,classic_lp,76,76,76,0,0,1.0,1.0,1.0
3hop_comp_10,0.1,sell,76,24,24,0,52,1.0,0.3157894736842105,0.4799999999999999
3hop_comp_13,0.1,classic_lp,74,74,74,0,0,1.0,1.0,1.0
3hop_comp_13,0.1,sell,74,22,22,0,52,1.0,0.2972972972972973,0.4583333333333333
3hop_comp_15,0.1,classic_lp,64,64,64,0,0,1.0,1.0,1.0
3hop_comp_15,0.1,sell,64,15,15,0,49,1.0,0.234375,0.379746835443038
3hop_comp_21,0.1,classic_lp,79,79,79,0,0,1.0,1.0,1.0
3hop_comp_21,0.1,sell,79,34,34,0,45,1.0,0.43037974683544306,0.6017699115044248
3hop_comp_26,0.1,classic_lp,80,80,80,0,0,1.0,1.0,1.0
3hop_comp_26,0.1,sell,80,35,35,0,45,1.0,0.4375,0.6086956521739131
3hop_comp_29,0.1,classic_lp,78,78,78,0,0,1.0,1.0,1.0
3hop_comp_29,0.1,sell,78,30,30,0,48,1.0,0.38461538461538464,0.5555555555555556
3hop_comp_32,0.1,classic_lp,80,74,70,4,10,0.9459459459459459,0.875,0.9090909090909091
3hop_comp_32,0.1,sell,80,31,31,0,49,1.0,0.3875,0.5585585585585586
3hop_comp_35,0.1,classic_lp,77,71,66,5,11,0.9295774647887324,0.8571428571428571,0.8918918918918918
3hop_comp_35,0.1,sell,77,24,23,1,54,0.9583333333333334,0.2987012987012987,0.4554455445544554
3hop_comp_36,0.1,classic_lp,71,71,71,0,0,1.0,1.0,1.0
3hop_comp_36,0.1,sell,71,17,17,0,54,1.0,0.23943661971830985,0.38636363636363635
3hop_comp_43,0.1,classic_lp,53,53,53,0,0,1.0,1.0,1.0
3hop_comp_43,0.1,sell,53,15,15,0,38,1.0,0.2830188679245283,0.4411764705882353
3hop_comp_46,0.1,classic_lp,65,77,61,16,4,0.7922077922077922,0.9384615384615385,0.8591549295774646
3hop_comp_46,0.1,sell,65,27,21,6,44,0.7777777777777778,0.3230769230769231,0.45652173913043476
3hop_comp_53,0.1,classic_lp,75,75,75,0,0,1.0,1.0,1.0
3hop_comp_53,0.1,sell,75,25,25,0,50,1.0,0.3333333333333333,0.5
3hop_comp_59,0.1,classic_lp,66,66,66,0,0,1.0,1.0,1.0
3hop_comp_59,0.1,sell,66,15,15,0,51,1.0,0.22727272727272727,0.37037037037037035
3hop_comp_60,0.1,classic_lp,64,64,64,0,0,1.0,1.0,1.0
3hop_comp_60,0.1,sell,64,30,30,0,34,1.0,0.46875,0.6382978723404256
3hop_comp_64,0.1,classic_lp,61,61,61,0,0,1.0,1.0,1.0
3hop_comp_64,0.1,sell,61,22,22,0,39,1.0,0.36065573770491804,0.5301204819277109
3hop_comp_67,0.1,classic_lp,75,75,75,0,0,1.0,1.0,1.0
3hop_comp_67,0.1,sell,75,28,28,0,47,1.0,0.37333333333333335,0.5436893203883496
3hop_comp_72,0.1,classic_lp,74,74,74,0,0,1.0,1.0,1.0
3hop_comp_72,0.1,sell,74,28,28,0,46,1.0,0.3783783783783784,0.5490196078431372
3hop_comp_73,0.1,classic_lp,72,72,72,0,0,1.0,1.0,1.0
3hop_comp_73,0.1,sell,72,35,35,0,37,1.0,0.4861111111111111,0.6542056074766355
3hop_comp_75,0.1,classic_lp,71,77,61,16,10,0.7922077922077922,0.8591549295774648,0.8243243243243243
3hop_comp_75,0.1,sell,71,25,21,4,50,0.84,0.29577464788732394,0.4375
3hop_comp_77,0.1,classic_lp,78,78,78,0,0,1.0,1.0,1.0
3hop_comp_77,0.1,sell,78,24,24,0,54,1.0,0.3076923076923077,0.47058823529411764
3hop_comp_81,0.1,classic_lp,70,57,53,4,17,0.9298245614035088,0.7571428571428571,0.8346456692913385
3hop_comp_81,0.1,sell,70,21,20,1,50,0.9523809523809523,0.2857142857142857,0.4395604395604395
3hop_comp_84,0.1,classic_lp,76,76,76,0,0,1.0,1.0,1.0
3hop_comp_84,0.1,sell,76,26,26,0,50,1.0,0.34210526315789475,0.5098039215686275
3hop_comp_85,0.1,classic_lp,69,69,69,0,0,1.0,1.0,1.0
3hop_comp_85,0.1,sell,69,23,23,0,46,1.0,0.3333333333333333,0.5
3hop_comp_86,0.1,classic_lp,77,77,77,0,0,1.0,1.0,1.0
3hop_comp_86,0.1,sell,77,27,27,0,50,1.0,0.35064935064935066,0.5192307692307693
3hop_comp_87,0.1,classic_lp,79,79,79,0,0,1.0,1.0,1.0
3hop_comp_87,0.1,sell,79,39,39,0,40,1.0,0.4936708860759494,0.6610169491525424
3hop_comp_94,0.1,classic_lp,56,41,35,6,21,0.8536585365853658,0.625,0.7216494845360826
3hop_comp_94,0.1,sell,56,14,11,3,45,0.7857142857142857,0.19642857142857142,0.3142857142857143
3hop_comp_96,0.1,classic_lp,69,73,69,4,0,0.9452054794520548,1.0,0.971830985915493
3hop_comp_96,0.1,sell,69,26,24,2,45,0.9230769230769231,0.34782608695652173,0.5052631578947369
3hop_comp_100,0.1,classic_lp,52,52,52,0,0,1.0,1.0,1.0
3hop_comp_100,0.1,sell,52,16,16,0,36,1.0,0.3076923076923077,0.47058823529411764
3hop_comp_103,0.1,classic_lp,51,51,51,0,0,1.0,1.0,1.0
3hop_comp_103,0.1,sell,51,15,15,0,36,1.0,0.29411764705882354,0.45454545454545453
3hop_comp_105,0.1,classic_lp,75,75,75,0,0,1.0,1.0,1.0
3hop_comp_105,0.1,sell,75,25,25,0,50,1.0,0.3333333333333333,0.5
3hop_comp_108,0.1,classic_lp,76,76,76,0,0,1.0,1.0,1.0
3hop_comp_108,0.1,sell,76,27,27,0,49,1.0,0.35526315789473684,0.5242718446601942
3hop_comp_109,0.1,classic_lp,78,78,78,0,0,1.0,1.0,1.0
3hop_comp_109,0.1,sell,78,31,31,0,47,1.0,0.3974358974358974,0.5688073394495413
3hop_comp_110,0.1,classic_lp,55,38,30,8,25,0.7894736842105263,0.5454545454545454,0.6451612903225806
3hop_comp_110,0.1,sell,55,17,13,4,42,0.7647058823529411,0.23636363636363636,0.3611111111111111
3hop_comp_112,0.1,classic_lp,37,37,37,0,0,1.0,1.0,1.0
3hop_comp_112,0.1,sell,37,18,18,0,19,1.0,0.4864864864864865,0.6545454545454547
3hop_comp_115,0.1,classic_lp,69,74,66,8,3,0.8918918918918919,0.9565217391304348,0.9230769230769231
3hop_comp_115,0.1,sell,69,24,23,1,46,0.9583333333333334,0.3333333333333333,0.49462365591397844
3hop_comp_116,0.1,classic_lp,64,64,64,0,0,1.0,1.0,1.0
3hop_comp_116,0.1,sell,64,27,27,0,37,1.0,0.421875,0.5934065934065934
3hop_comp_120,0.1,classic_lp,80,80,80,0,0,1.0,1.0,1.0
3hop_comp_120,0.1,sell,80,26,26,0,54,1.0,0.325,0.4905660377358491
3hop_comp_121,0.1,classic_lp,75,58,50,8,25,0.8620689655172413,0.6666666666666666,0.7518796992481203
3hop_comp_121,0.1,sell,75,18,15,3,60,0.8333333333333334,0.2,0.3225806451612903
3hop_comp_122,0.1,classic_lp,78,78,78,0,0,1.0,1.0,1.0
3hop_comp_122,0.1,sell,78,26,26,0,52,1.0,0.3333333333333333,0.5
3hop_comp_123,0.1,classic_lp,48,49,39,10,9,0.7959183673469388,0.8125,0.8041237113402061
3hop_comp_123,0.1,sell,48,16,15,1,33,0.9375,0.3125,0.46875
3hop_comp_130,0.1,classic_lp,70,70,70,0,0,1.0,1.0,1.0
3hop_comp_130,0.1,sell,70,18,18,0,52,1.0,0.2571428571428571,0.40909090909090906
3hop_comp_132,0.1,classic_lp,73,73,73,0,0,1.0,1.0,1.0
3hop_comp_132,0.1,sell,73,24,24,0,49,1.0,0.3287671232876712,0.49484536082474223
3hop_comp_137,0.1,classic_lp,80,84,80,4,0,0.9523809523809523,1.0,0.975609756097561
3hop_comp_137,0.1,sell,80,30,30,0,50,1.0,0.375,0.5454545454545454
3hop_comp_142,0.1,classic_lp,79,79,79,0,0,1.0,1.0,1.0
3hop_comp_142,0.1,sell,79,31,31,0,48,1.0,0.3924050632911392,0.5636363636363637
3hop_comp_0,0.2,classic_lp,73,66,66,0,7,1.0,0.9041095890410958,0.949640287769784
3hop_comp_0,0.2,sell,73,22,22,0,51,1.0,0.3013698630136986,0.4631578947368421
3hop_comp_3,0.2,classic_lp,75,75,75,0,0,1.0,1.0,1.0
3hop_comp_3,0.2,sell,75,25,25,0,50,1.0,0.3333333333333333,0.5
3hop_comp_9,0.2,classic_lp,60,60,60,0,0,1.0,1.0,1.0
3hop_comp_9,0.2,sell,60,17,17,0,43,1.0,0.2833333333333333,0.4415584415584416
3hop_comp_10,0.2,classic_lp,76,76,76,0,0,1.0,1.0,1.0
3hop_comp_10,0.2,sell,76,24,24,0,52,1.0,0.3157894736842105,0.4799999999999999
3hop_comp_13,0.2,classic_lp,74,74,74,0,0,1.0,1.0,1.0
3hop_comp_13,0.2,sell,74,22,22,0,52,1.0,0.2972972972972973,0.4583333333333333
3hop_comp_15,0.2,classic_lp,64,46,38,8,26,0.8260869565217391,0.59375,0.6909090909090908
3hop_comp_15,0.2,sell,64,15,12,3,52,0.8,0.1875,0.3037974683544304
3hop_comp_21,0.2,classic_lp,79,79,79,0,0,1.0,1.0,1.0
3hop_comp_21,0.2,sell,79,36,36,0,43,1.0,0.45569620253164556,0.6260869565217391
3hop_comp_26,0.2,classic_lp,80,88,80,8,0,0.9090909090909091,1.0,0.9523809523809523
3hop_comp_26,0.2,sell,80,40,37,3,43,0.925,0.4625,0.6166666666666667
3hop_comp_29,0.2,classic_lp,78,78,67,11,11,0.8589743589743589,0.8589743589743589,0.8589743589743589
3hop_comp_29,0.2,sell,78,33,30,3,48,0.9090909090909091,0.38461538461538464,0.5405405405405405
3hop_comp_32,0.2,classic_lp,80,86,78,8,2,0.9069767441860465,0.975,0.9397590361445783
3hop_comp_32,0.2,sell,80,29,29,0,51,1.0,0.3625,0.5321100917431192
3hop_comp_35,0.2,classic_lp,77,77,77,0,0,1.0,1.0,1.0
3hop_comp_35,0.2,sell,77,23,23,0,54,1.0,0.2987012987012987,0.45999999999999996
3hop_comp_36,0.2,classic_lp,71,81,67,14,4,0.8271604938271605,0.9436619718309859,0.8815789473684211
3hop_comp_36,0.2,sell,71,17,15,2,56,0.8823529411764706,0.2112676056338028,0.34090909090909094
3hop_comp_43,0.2,classic_lp,53,65,44,21,9,0.676923076923077,0.8301886792452831,0.7457627118644068
3hop_comp_43,0.2,sell,53,18,15,3,38,0.8333333333333334,0.2830188679245283,0.4225352112676056
3hop_comp_46,0.2,classic_lp,65,65,65,0,0,1.0,1.0,1.0
3hop_comp_46,0.2,sell,65,23,23,0,42,1.0,0.35384615384615387,0.5227272727272727
3hop_comp_53,0.2,classic_lp,75,75,75,0,0,1.0,1.0,1.0
3hop_comp_53,0.2,sell,75,25,25,0,50,1.0,0.3333333333333333,0.5
3hop_comp_59,0.2,classic_lp,66,57,57,0,9,1.0,0.8636363636363636,0.9268292682926829
3hop_comp_59,0.2,sell,66,15,15,0,51,1.0,0.22727272727272727,0.37037037037037035
3hop_comp_60,0.2,classic_lp,64,78,62,16,2,0.7948717948717948,0.96875,0.8732394366197183
3hop_comp_60,0.2,sell,64,30,28,2,36,0.9333333333333333,0.4375,0.5957446808510638
3hop_comp_64,0.2,classic_lp,61,61,61,0,0,1.0,1.0,1.0
3hop_comp_64,0.2,sell,61,22,22,0,39,1.0,0.36065573770491804,0.5301204819277109
3hop_comp_67,0.2,classic_lp,75,75,75,0,0,1.0,1.0,1.0
3hop_comp_67,0.2,sell,75,28,28,0,47,1.0,0.37333333333333335,0.5436893203883496
3hop_comp_72,0.2,classic_lp,74,83,71,12,3,0.8554216867469879,0.9594594594594594,0.9044585987261146
3hop_comp_72,0.2,sell,74,31,28,3,46,0.9032258064516129,0.3783783783783784,0.5333333333333333
3hop_comp_73,0.2,classic_lp,72,82,69,13,3,0.8414634146341463,0.9583333333333334,0.8961038961038961
3hop_comp_73,0.2,sell,72,40,37,3,35,0.925,0.5138888888888888,0.6607142857142857
3hop_comp_75,0.2,classic_lp,71,77,61,16,10,0.7922077922077922,0.8591549295774648,0.8243243243243243
3hop_comp_75,0.2,sell,71,25,21,4,50,0.84,0.29577464788732394,0.4375
3hop_comp_77,0.2,classic_lp,78,78,78,0,0,1.0,1.0,1.0
3hop_comp_77,0.2,sell,78,24,24,0,54,1.0,0.3076923076923077,0.47058823529411764
3hop_comp_81,0.2,classic_lp,70,57,53,4,17,0.9298245614035088,0.7571428571428571,0.8346456692913385
3hop_comp_81,0.2,sell,70,21,20,1,50,0.9523809523809523,0.2857142857142857,0.4395604395604395
3hop_comp_84,0.2,classic_lp,76,83,71,12,5,0.8554216867469879,0.9342105263157895,0.8930817610062893
3hop_comp_84,0.2,sell,76,26,24,2,52,0.9230769230769231,0.3157894736842105,0.47058823529411764
3hop_comp_85,0.2,classic_lp,69,69,69,0,0,1.0,1.0,1.0
3hop_comp_85,0.2,sell,69,23,23,0,46,1.0,0.3333333333333333,0.5
3hop_comp_86,0.2,classic_lp,77,77,77,0,0,1.0,1.0,1.0
3hop_comp_86,0.2,sell,77,27,27,0,50,1.0,0.35064935064935066,0.5192307692307693
3hop_comp_87,0.2,classic_lp,79,79,79,0,0,1.0,1.0,1.0
3hop_comp_87,0.2,sell,79,39,39,0,40,1.0,0.4936708860759494,0.6610169491525424
3hop_comp_94,0.2,classic_lp,56,41,35,6,21,0.8536585365853658,0.625,0.7216494845360826
3hop_comp_94,0.2,sell,56,14,11,3,45,0.7857142857142857,0.19642857142857142,0.3142857142857143
3hop_comp_96,0.2,classic_lp,69,73,69,4,0,0.9452054794520548,1.0,0.971830985915493
3hop_comp_96,0.2,sell,69,26,24,2,45,0.9230769230769231,0.34782608695652173,0.5052631578947369
3hop_comp_100,0.2,classic_lp,52,71,48,23,4,0.676056338028169,0.9230769230769231,0.7804878048780487
3hop_comp_100,0.2,sell,52,17,15,2,37,0.8823529411764706,0.28846153846153844,0.4347826086956522
3hop_comp_103,0.2,classic_lp,51,51,51,0,0,1.0,1.0,1.0
3hop_comp_103,0.2,sell,51,15,15,0,36,1.0,0.29411764705882354,0.45454545454545453
3hop_comp_105,0.2,classic_lp,75,75,75,0,0,1.0,1.0,1.0
3hop_comp_105,0.2,sell,75,25,25,0,50,1.0,0.3333333333333333,0.5
3hop_comp_108,0.2,classic_lp,76,76,76,0,0,1.0,1.0,1.0
3hop_comp_108,0.2,sell,76,27,27,0,49,1.0,0.35526315789473684,0.5242718446601942
3hop_comp_109,0.2,classic_lp,78,78,78,0,0,1.0,1.0,1.0
3hop_comp_109,0.2,sell,78,31,31,0,47,1.0,0.3974358974358974,0.5688073394495413
3hop_comp_110,0.2,classic_lp,55,38,30,8,25,0.7894736842105263,0.5454545454545454,0.6451612903225806
3hop_comp_110,0.2,sell,55,17,13,4,42,0.7647058823529411,0.23636363636363636,0.3611111111111111
3hop_comp_112,0.2,classic_lp,37,37,37,0,0,1.0,1.0,1.0
3hop_comp_112,0.2,sell,37,18,18,0,19,1.0,0.4864864864864865,0.6545454545454547
3hop_comp_115,0.2,classic_lp,69,72,65,7,4,0.9027777777777778,0.9420289855072463,0.9219858156028369
3hop_comp_115,0.2,sell,69,22,22,0,47,1.0,0.3188405797101449,0.48351648351648346
3hop_comp_116,0.2,classic_lp,64,65,54,11,10,0.8307692307692308,0.84375,0.8372093023255814
3hop_comp_116,0.2,sell,64,24,23,1,41,0.9583333333333334,0.359375,0.5227272727272727
3hop_comp_120,0.2,classic_lp,80,80,80,0,0,1.0,1.0,1.0
3hop_comp_120,0.2,sell,80,26,26,0,54,1.0,0.325,0.4905660377358491
3hop_comp_121,0.2,classic_lp,75,58,50,8,25,0.8620689655172413,0.6666666666666666,0.7518796992481203
3hop_comp_121,0.2,sell,75,18,15,3,60,0.8333333333333334,0.2,0.3225806451612903
3hop_comp_122,0.2,classic_lp,78,81,74,7,4,0.9135802469135802,0.9487179487179487,0.9308176100628931
3hop_comp_122,0.2,sell,78,28,27,1,51,0.9642857142857143,0.34615384615384615,0.5094339622641509
3hop_comp_123,0.2,classic_lp,48,48,48,0,0,1.0,1.0,1.0
3hop_comp_123,0.2,sell,48,15,15,0,33,1.0,0.3125,0.47619047619047616
3hop_comp_130,0.2,classic_lp,70,70,70,0,0,1.0,1.0,1.0
3hop_comp_130,0.2,sell,70,18,18,0,52,1.0,0.2571428571428571,0.40909090909090906
3hop_comp_132,0.2,classic_lp,73,73,73,0,0,1.0,1.0,1.0
3hop_comp_132,0.2,sell,73,24,24,0,49,1.0,0.3287671232876712,0.49484536082474223
3hop_comp_137,0.2,classic_lp,80,84,80,4,0,0.9523809523809523,1.0,0.975609756097561
3hop_comp_137,0.2,sell,80,30,30,0,50,1.0,0.375,0.5454545454545454
3hop_comp_142,0.2,classic_lp,79,79,79,0,0,1.0,1.0,1.0
3hop_comp_142,0.2,sell,79,31,31,0,48,1.0,0.3924050632911392,0.5636363636363637
3hop_comp_0,0.3,classic_lp,73,73,67,6,6,0.9178082191780822,0.9178082191780822,0.9178082191780822
3hop_comp_0,0.3,sell,73,24,23,1,50,0.9583333333333334,0.3150684931506849,0.4742268041237113
3hop_comp_3,0.3,classic_lp,75,84,73,11,2,0.8690476190476191,0.9733333333333334,0.9182389937106918
3hop_comp_3,0.3,sell,75,26,25,1,50,0.9615384615384616,0.3333333333333333,0.495049504950495
3hop_comp_9,0.3,classic_lp,60,60,60,0,0,1.0,1.0,1.0
3hop_comp_9,0.3,sell,60,17,17,0,43,1.0,0.2833333333333333,0.4415584415584416
3hop_comp_10,0.3,classic_lp,76,82,71,11,5,0.8658536585365854,0.9342105263157895,0.8987341772151899
3hop_comp_10,0.3,sell,76,22,20,2,56,0.9090909090909091,0.2631578947368421,0.4081632653061224
3hop_comp_13,0.3,classic_lp,74,74,74,0,0,1.0,1.0,1.0
3hop_comp_13,0.3,sell,74,22,22,0,52,1.0,0.2972972972972973,0.4583333333333333
3hop_comp_15,0.3,classic_lp,64,72,56,16,8,0.7777777777777778,0.875,0.823529411764706
3hop_comp_15,0.3,sell,64,17,14,3,50,0.8235294117647058,0.21875,0.34567901234567905
3hop_comp_21,0.3,classic_lp,79,76,69,7,10,0.9078947368421053,0.8734177215189873,0.8903225806451613
3hop_comp_21,0.3,sell,79,32,31,1,48,0.96875,0.3924050632911392,0.5585585585585585
3hop_comp_26,0.3,classic_lp,80,90,80,10,0,0.8888888888888888,1.0,0.9411764705882353
3hop_comp_26,0.3,sell,80,37,36,1,44,0.972972972972973,0.45,0.6153846153846154
3hop_comp_29,0.3,classic_lp,78,78,78,0,0,1.0,1.0,1.0
3hop_comp_29,0.3,sell,78,30,30,0,48,1.0,0.38461538461538464,0.5555555555555556
3hop_comp_32,0.3,classic_lp,80,67,66,1,14,0.9850746268656716,0.825,0.8979591836734693
3hop_comp_32,0.3,sell,80,30,30,0,50,1.0,0.375,0.5454545454545454
3hop_comp_35,0.3,classic_lp,77,72,67,5,10,0.9305555555555556,0.8701298701298701,0.8993288590604027
3hop_comp_35,0.3,sell,77,23,22,1,55,0.9565217391304348,0.2857142857142857,0.44
3hop_comp_36,0.3,classic_lp,71,52,46,6,25,0.8846153846153846,0.647887323943662,0.7479674796747967
3hop_comp_36,0.3,sell,71,15,14,1,57,0.9333333333333333,0.19718309859154928,0.3255813953488372
3hop_comp_43,0.3,classic_lp,53,67,37,30,16,0.5522388059701493,0.6981132075471698,0.6166666666666666
3hop_comp_43,0.3,sell,53,16,11,5,42,0.6875,0.20754716981132076,0.31884057971014496
3hop_comp_46,0.3,classic_lp,65,68,60,8,5,0.8823529411764706,0.9230769230769231,0.9022556390977443
3hop_comp_46,0.3,sell,65,22,21,1,44,0.9545454545454546,0.3230769230769231,0.4827586206896552
3hop_comp_53,0.3,classic_lp,75,75,75,0,0,1.0,1.0,1.0
3hop_comp_53,0.3,sell,75,25,25,0,50,1.0,0.3333333333333333,0.5
3hop_comp_59,0.3,classic_lp,66,76,61,15,5,0.8026315789473685,0.9242424242424242,0.8591549295774648
3hop_comp_59,0.3,sell,66,14,12,2,54,0.8571428571428571,0.18181818181818182,0.30000000000000004
3hop_comp_60,0.3,classic_lp,64,60,60,0,4,1.0,0.9375,0.967741935483871
3hop_comp_60,0.3,sell,64,26,26,0,38,1.0,0.40625,0.5777777777777777
3hop_comp_64,0.3,classic_lp,61,67,53,14,8,0.7910447761194029,0.8688524590163934,0.828125
3hop_comp_64,0.3,sell,61,23,22,1,39,0.9565217391304348,0.36065573770491804,0.5238095238095238
3hop_comp_67,0.3,classic_lp,75,76,70,6,5,0.9210526315789473,0.9333333333333333,0.9271523178807947
3hop_comp_67,0.3,sell,75,29,28,1,47,0.9655172413793104,0.37333333333333335,0.5384615384615384
3hop_comp_72,0.3,classic_lp,74,57,57,0,17,1.0,0.7702702702702703,0.8702290076335879
3hop_comp_72,0.3,sell,74,28,28,0,46,1.0,0.3783783783783784,0.5490196078431372
3hop_comp_73,0.3,classic_lp,72,83,72,11,0,0.8674698795180723,1.0,0.9290322580645161
3hop_comp_73,0.3,sell,72,38,35,3,37,0.9210526315789473,0.4861111111111111,0.6363636363636362
3hop_comp_75,0.3,classic_lp,71,71,71,0,0,1.0,1.0,1.0
3hop_comp_75,0.3,sell,71,23,23,0,48,1.0,0.323943661971831,0.4893617021276596
3hop_comp_77,0.3,classic_lp,78,82,74,8,4,0.9024390243902439,0.9487179487179487,0.9249999999999999
3hop_comp_77,0.3,sell,78,28,27,1,51,0.9642857142857143,0.34615384615384615,0.5094339622641509
3hop_comp_81,0.3,classic_lp,70,76,70,6,0,0.9210526315789473,1.0,0.958904109589041
3hop_comp_81,0.3,sell,70,24,23,1,47,0.9583333333333334,0.32857142857142857,0.4893617021276595
3hop_comp_84,0.3,classic_lp,76,83,73,10,3,0.8795180722891566,0.9605263157894737,0.9182389937106917
3hop_comp_84,0.3,sell,76,25,25,0,51,1.0,0.32894736842105265,0.4950495049504951
3hop_comp_85,0.3,classic_lp,69,78,65,13,4,0.8333333333333334,0.9420289855072463,0.8843537414965987
3hop_comp_85,0.3,sell,69,23,18,5,51,0.782608695652174,0.2608695652173913,0.391304347826087
3hop_comp_86,0.3,classic_lp,77,75,66,9,11,0.88,0.8571428571428571,0.8684210526315789
3hop_comp_86,0.3,sell,77,25,24,1,53,0.96,0.3116883116883117,0.47058823529411764
3hop_comp_87,0.3,classic_lp,79,81,74,7,5,0.9135802469135802,0.9367088607594937,0.9249999999999999
3hop_comp_87,0.3,sell,79,37,37,0,42,1.0,0.46835443037974683,0.6379310344827586
3hop_comp_94,0.3,classic_lp,56,43,35,8,21,0.813953488372093,0.625,0.7070707070707071
3hop_comp_94,0.3,sell,56,14,11,3,45,0.7857142857142857,0.19642857142857142,0.3142857142857143
3hop_comp_96,0.3,classic_lp,69,69,69,0,0,1.0,1.0,1.0
3hop_comp_96,0.3,sell,69,26,26,0,43,1.0,0.37681159420289856,0.5473684210526316
3hop_comp_100,0.3,classic_lp,52,63,41,22,11,0.6507936507936508,0.7884615384615384,0.7130434782608696
3hop_comp_100,0.3,sell,52,16,12,4,40,0.75,0.23076923076923078,0.3529411764705882
3hop_comp_103,0.3,classic_lp,51,51,51,0,0,1.0,1.0,1.0
3hop_comp_103,0.3,sell,51,15,15,0,36,1.0,0.29411764705882354,0.45454545454545453
3hop_comp_105,0.3,classic_lp,75,75,75,0,0,1.0,1.0,1.0
3hop_comp_105,0.3,sell,75,21,21,0,54,1.0,0.28,0.43750000000000006
3hop_comp_108,0.3,classic_lp,76,76,76,0,0,1.0,1.0,1.0
3hop_comp_108,0.3,sell,76,27,27,0,49,1.0,0.35526315789473684,0.5242718446601942
3hop_comp_109,0.3,classic_lp,78,82,76,6,2,0.926829268292683,0.9743589743589743,0.9500000000000001
3hop_comp_109,0.3,sell,78,33,33,0,45,1.0,0.4230769230769231,0.5945945945945945
3hop_comp_110,0.3,classic_lp,55,55,55,0,0,1.0,1.0,1.0
3hop_comp_110,0.3,sell,55,17,17,0,38,1.0,0.3090909090909091,0.4722222222222222
3hop_comp_112,0.3,classic_lp,37,60,30,30,7,0.5,0.8108108108108109,0.6185567010309277
3hop_comp_112,0.3,sell,37,21,16,5,21,0.7619047619047619,0.43243243243243246,0.5517241379310345
3hop_comp_115,0.3,classic_lp,69,69,69,0,0,1.0,1.0,1.0
3hop_comp_115,0.3,sell,69,24,24,0,45,1.0,0.34782608695652173,0.5161290322580645
3hop_comp_116,0.3,classic_lp,64,64,64,0,0,1.0,1.0,1.0
3hop_comp_116,0.3,sell,64,27,27,0,37,1.0,0.421875,0.5934065934065934
3hop_comp_120,0.3,classic_lp,80,60,52,8,28,0.8666666666666667,0.65,0.7428571428571429
3hop_comp_120,0.3,sell,80,21,18,3,62,0.8571428571428571,0.225,0.3564356435643564
3hop_comp_121,0.3,classic_lp,75,64,55,9,20,0.859375,0.7333333333333333,0.79136690647482
3hop_comp_121,0.3,sell,75,19,16,3,59,0.8421052631578947,0.21333333333333335,0.34042553191489366
3hop_comp_122,0.3,classic_lp,78,79,75,4,3,0.9493670886075949,0.9615384615384616,0.9554140127388535
3hop_comp_122,0.3,sell,78,25,23,2,55,0.92,0.2948717948717949,0.44660194174757284
3hop_comp_123,0.3,classic_lp,48,48,48,0,0,1.0,1.0,1.0
3hop_comp_123,0.3,sell,48,15,15,0,33,1.0,0.3125,0.47619047619047616
3hop_comp_130,0.3,classic_lp,70,70,70,0,0,1.0,1.0,1.0
3hop_comp_130,0.3,sell,70,18,18,0,52,1.0,0.2571428571428571,0.40909090909090906
3hop_comp_132,0.3,classic_lp,73,78,66,12,7,0.8461538461538461,0.9041095890410958,0.8741721854304636
3hop_comp_132,0.3,sell,73,24,23,1,50,0.9583333333333334,0.3150684931506849,0.4742268041237113
3hop_comp_137,0.3,classic_lp,80,74,73,1,7,0.9864864864864865,0.9125,0.948051948051948
3hop_comp_137,0.3,sell,80,25,25,0,55,1.0,0.3125,0.47619047619047616
3hop_comp_142,0.3,classic_lp,79,79,79,0,0,1.0,1.0,1.0
3hop_comp_142,0.3,sell,79,31,31,0,48,1.0,0.3924050632911392,0.5636363636363637
3hop_comp_0,0.5,classic_lp,73,73,67,6,6,0.9178082191780822,0.9178082191780822,0.9178082191780822
3hop_comp_0,0.5,sell,73,24,23,1,50,0.9583333333333334,0.3150684931506849,0.4742268041237113
3hop_comp_3,0.5,classic_lp,75,84,73,11,2,0.8690476190476191,0.9733333333333334,0.9182389937106918
3hop_comp_3,0.5,sell,75,26,25,1,50,0.9615384615384616,0.3333333333333333,0.495049504950495
3hop_comp_9,0.5,classic_lp,60,69,56,13,4,0.8115942028985508,0.9333333333333333,0.8682170542635659
3hop_comp_9,0.5,sell,60,15,12,3,48,0.8,0.2,0.32000000000000006
3hop_comp_10,0.5,classic_lp,76,82,71,11,5,0.8658536585365854,0.9342105263157895,0.8987341772151899
3hop_comp_10,0.5,sell,76,22,20,2,56,0.9090909090909091,0.2631578947368421,0.4081632653061224
3hop_comp_13,0.5,classic_lp,74,69,60,9,14,0.8695652173913043,0.8108108108108109,0.8391608391608392
3hop_comp_13,0.5,sell,74,28,26,2,48,0.9285714285714286,0.35135135135135137,0.5098039215686275
3hop_comp_15,0.5,classic_lp,64,72,56,16,8,0.7777777777777778,0.875,0.823529411764706
3hop_comp_15,0.5,sell,64,17,14,3,50,0.8235294117647058,0.21875,0.34567901234567905
3hop_comp_21,0.5,classic_lp,79,79,79,0,0,1.0,1.0,1.0
3hop_comp_21,0.5,sell,79,39,39,0,40,1.0,0.4936708860759494,0.6610169491525424
3hop_comp_26,0.5,classic_lp,80,85,75,10,5,0.8823529411764706,0.9375,0.9090909090909091
3hop_comp_26,0.5,sell,80,32,31,1,49,0.96875,0.3875,0.5535714285714286
3hop_comp_29,0.5,classic_lp,78,84,76,8,2,0.9047619047619048,0.9743589743589743,0.9382716049382716
3hop_comp_29,0.5,sell,78,38,33,5,45,0.868421052631579,0.4230769230769231,0.5689655172413792
3hop_comp_32,0.5,classic_lp,80,75,75,0,5,1.0,0.9375,0.967741935483871
3hop_comp_32,0.5,sell,80,28,28,0,52,1.0,0.35,0.5185185185185185
3hop_comp_35,0.5,classic_lp,77,81,69,12,8,0.8518518518518519,0.8961038961038961,0.8734177215189873
3hop_comp_35,0.5,sell,77,25,22,3,55,0.88,0.2857142857142857,0.43137254901960775
3hop_comp_36,0.5,classic_lp,71,63,51,12,20,0.8095238095238095,0.7183098591549296,0.7611940298507462
3hop_comp_36,0.5,sell,71,18,14,4,57,0.7777777777777778,0.19718309859154928,0.3146067415730337
3hop_comp_43,0.5,classic_lp,53,54,35,19,18,0.6481481481481481,0.660377358490566,0.6542056074766356
3hop_comp_43,0.5,sell,53,15,12,3,41,0.8,0.22641509433962265,0.35294117647058826
3hop_comp_46,0.5,classic_lp,65,77,56,21,9,0.7272727272727273,0.8615384615384616,0.7887323943661972
3hop_comp_46,0.5,sell,65,25,16,9,49,0.64,0.24615384615384617,0.35555555555555557
3hop_comp_53,0.5,classic_lp,75,83,75,8,0,0.9036144578313253,1.0,0.9493670886075949
3hop_comp_53,0.5,sell,75,21,21,0,54,1.0,0.28,0.43750000000000006
3hop_comp_59,0.5,classic_lp,66,66,66,0,0,1.0,1.0,1.0
3hop_comp_59,0.5,sell,66,15,15,0,51,1.0,0.22727272727272727,0.37037037037037035
3hop_comp_60,0.5,classic_lp,64,60,60,0,4,1.0,0.9375,0.967741935483871
3hop_comp_60,0.5,sell,64,26,26,0,38,1.0,0.40625,0.5777777777777777
3hop_comp_64,0.5,classic_lp,61,67,53,14,8,0.7910447761194029,0.8688524590163934,0.828125
3hop_comp_64,0.5,sell,61,23,22,1,39,0.9565217391304348,0.36065573770491804,0.5238095238095238
3hop_comp_67,0.5,classic_lp,75,76,70,6,5,0.9210526315789473,0.9333333333333333,0.9271523178807947
3hop_comp_67,0.5,sell,75,29,28,1,47,0.9655172413793104,0.37333333333333335,0.5384615384615384
3hop_comp_72,0.5,classic_lp,74,80,71,9,3,0.8875,0.9594594594594594,0.922077922077922
3hop_comp_72,0.5,sell,74,31,27,4,47,0.8709677419354839,0.36486486486486486,0.5142857142857142
3hop_comp_73,0.5,classic_lp,72,81,63,18,9,0.7777777777777778,0.875,0.823529411764706
3hop_comp_73,0.5,sell,72,39,32,7,40,0.8205128205128205,0.4444444444444444,0.5765765765765766
3hop_comp_75,0.5,classic_lp,71,60,55,5,16,0.9166666666666666,0.7746478873239436,0.8396946564885496
3hop_comp_75,0.5,sell,71,23,20,3,51,0.8695652173913043,0.28169014084507044,0.425531914893617
3hop_comp_77,0.5,classic_lp,78,74,74,0,4,1.0,0.9487179487179487,0.9736842105263158
3hop_comp_77,0.5,sell,78,25,25,0,53,1.0,0.32051282051282054,0.48543689320388356
3hop_comp_81,0.5,classic_lp,70,68,62,6,8,0.9117647058823529,0.8857142857142857,0.8985507246376812
3hop_comp_81,0.5,sell,70,20,20,0,50,1.0,0.2857142857142857,0.4444444444444445
3hop_comp_84,0.5,classic_lp,76,73,67,6,9,0.9178082191780822,0.881578947368421,0.8993288590604027
3hop_comp_84,0.5,sell,76,26,25,1,51,0.9615384615384616,0.32894736842105265,0.4901960784313726
3hop_comp_85,0.5,classic_lp,69,84,64,20,5,0.7619047619047619,0.927536231884058,0.8366013071895425
3hop_comp_85,0.5,sell,69,26,21,5,48,0.8076923076923077,0.30434782608695654,0.4421052631578948
3hop_comp_86,0.5,classic_lp,77,82,71,11,6,0.8658536585365854,0.922077922077922,0.8930817610062892
3hop_comp_86,0.5,sell,77,29,28,1,49,0.9655172413793104,0.36363636363636365,0.5283018867924528
3hop_comp_87,0.5,classic_lp,79,81,77,4,2,0.9506172839506173,0.9746835443037974,0.9625
3hop_comp_87,0.5,sell,79,40,40,0,39,1.0,0.5063291139240507,0.6722689075630253
3hop_comp_94,0.5,classic_lp,56,53,31,22,25,0.5849056603773585,0.5535714285714286,0.5688073394495413
3hop_comp_94,0.5,sell,56,17,11,6,45,0.6470588235294118,0.19642857142857142,0.3013698630136986
3hop_comp_96,0.5,classic_lp,69,77,69,8,0,0.8961038961038961,1.0,0.9452054794520548
3hop_comp_96,0.5,sell,69,28,27,1,42,0.9642857142857143,0.391304347826087,0.5567010309278351
3hop_comp_100,0.5,classic_lp,52,52,52,0,0,1.0,1.0,1.0
3hop_comp_100,0.5,sell,52,16,16,0,36,1.0,0.3076923076923077,0.47058823529411764
3hop_comp_103,0.5,classic_lp,51,51,51,0,0,1.0,1.0,1.0
3hop_comp_103,0.5,sell,51,15,15,0,36,1.0,0.29411764705882354,0.45454545454545453
3hop_comp_105,0.5,classic_lp,75,78,72,6,3,0.9230769230769231,0.96,0.9411764705882353
3hop_comp_105,0.5,sell,75,27,27,0,48,1.0,0.36,0.5294117647058824
3hop_comp_108,0.5,classic_lp,76,78,72,6,4,0.9230769230769231,0.9473684210526315,0.935064935064935
3hop_comp_108,0.5,sell,76,29,28,1,48,0.9655172413793104,0.3684210526315789,0.5333333333333333
3hop_comp_109,0.5,classic_lp,78,75,66,9,12,0.88,0.8461538461538461,0.8627450980392156
3hop_comp_109,0.5,sell,78,30,28,2,50,0.9333333333333333,0.358974358974359,0.5185185185185185
3hop_comp_110,0.5,classic_lp,55,60,47,13,8,0.7833333333333333,0.8545454545454545,0.817391304347826
3hop_comp_110,0.5,sell,55,17,15,2,40,0.8823529411764706,0.2727272727272727,0.41666666666666663
3hop_comp_112,0.5,classic_lp,37,68,28,40,9,0.4117647058823529,0.7567567567567568,0.5333333333333332
3hop_comp_112,0.5,sell,37,27,15,12,22,0.5555555555555556,0.40540540540540543,0.46875
3hop_comp_115,0.5,classic_lp,69,66,57,9,12,0.8636363636363636,0.8260869565217391,0.8444444444444444
3hop_comp_115,0.5,sell,69,25,22,3,47,0.88,0.3188405797101449,0.4680851063829787
3hop_comp_116,0.5,classic_lp,64,70,54,16,10,0.7714285714285715,0.84375,0.8059701492537314
3hop_comp_116,0.5,sell,64,25,23,2,41,0.92,0.359375,0.5168539325842697
3hop_comp_120,0.5,classic_lp,80,81,76,5,4,0.9382716049382716,0.95,0.9440993788819876
3hop_comp_120,0.5,sell,80,25,23,2,57,0.92,0.2875,0.4380952380952381
3hop_comp_121,0.5,classic_lp,75,68,61,7,14,0.8970588235294118,0.8133333333333334,0.8531468531468531
3hop_comp_121,0.5,sell,75,15,14,1,61,0.9333333333333333,0.18666666666666668,0.31111111111111106
3hop_comp_122,0.5,classic_lp,78,84,72,12,6,0.8571428571428571,0.9230769230769231,0.888888888888889
3hop_comp_122,0.5,sell,78,28,24,4,54,0.8571428571428571,0.3076923076923077,0.45283018867924535
3hop_comp_123,0.5,classic_lp,48,48,48,0,0,1.0,1.0,1.0
3hop_comp_123,0.5,sell,48,15,15,0,33,1.0,0.3125,0.47619047619047616
3hop_comp_130,0.5,classic_lp,70,70,70,0,0,1.0,1.0,1.0
3hop_comp_130,0.5,sell,70,18,18,0,52,1.0,0.2571428571428571,0.40909090909090906
3hop_comp_132,0.5,classic_lp,73,86,66,20,7,0.7674418604651163,0.9041095890410958,0.8301886792452831
3hop_comp_132,0.5,sell,73,24,22,2,51,0.9166666666666666,0.3013698630136986,0.45360824742268036
3hop_comp_137,0.5,classic_lp,80,81,71,10,9,0.8765432098765432,0.8875,0.8819875776397514
3hop_comp_137,0.5,sell,80,25,25,0,55,1.0,0.3125,0.47619047619047616
3hop_comp_142,0.5,classic_lp,79,82,71,11,8,0.8658536585365854,0.8987341772151899,0.8819875776397516
3hop_comp_142,0.5,sell,79,31,30,1,49,0.967741935483871,0.379746835443038,0.5454545454545455
3hop_comp_0,0.7,classic_lp,73,85,70,15,3,0.8235294117647058,0.958904109589041,0.8860759493670886
3hop_comp_0,0.7,sell,73,22,20,2,53,0.9090909090909091,0.273972602739726,0.42105263157894735
3hop_comp_3,0.7,classic_lp,75,55,51,4,24,0.9272727272727272,0.68,0.7846153846153845
3hop_comp_3,0.7,sell,75,21,20,1,55,0.9523809523809523,0.26666666666666666,0.4166666666666667
3hop_comp_9,0.7,classic_lp,60,62,43,19,17,0.6935483870967742,0.7166666666666667,0.7049180327868854
3hop_comp_9,0.7,sell,60,16,14,2,46,0.875,0.23333333333333334,0.3684210526315789
3hop_comp_10,0.7,classic_lp,76,79,65,14,11,0.8227848101265823,0.8552631578947368,0.8387096774193549
3hop_comp_10,0.7,sell,76,23,19,4,57,0.8260869565217391,0.25,0.3838383838383838
3hop_comp_13,0.7,classic_lp,74,85,72,13,2,0.8470588235294118,0.972972972972973,0.9056603773584906
3hop_comp_13,0.7,sell,74,21,18,3,56,0.8571428571428571,0.24324324324324326,0.37894736842105264
3hop_comp_15,0.7,classic_lp,64,69,57,12,7,0.8260869565217391,0.890625,0.8571428571428571
3hop_comp_15,0.7,sell,64,17,15,2,49,0.8823529411764706,0.234375,0.37037037037037035
3hop_comp_21,0.7,classic_lp,79,79,71,8,8,0.8987341772151899,0.8987341772151899,0.8987341772151899
3hop_comp_21,0.7,sell,79,31,29,2,50,0.9354838709677419,0.3670886075949367,0.5272727272727272
3hop_comp_26,0.7,classic_lp,80,83,75,8,5,0.9036144578313253,0.9375,0.920245398773006
3hop_comp_26,0.7,sell,80,30,29,1,51,0.9666666666666667,0.3625,0.5272727272727272
3hop_comp_29,0.7,classic_lp,78,66,63,3,15,0.9545454545454546,0.8076923076923077,0.875
3hop_comp_29,0.7,sell,78,34,34,0,44,1.0,0.4358974358974359,0.6071428571428571
3hop_comp_32,0.7,classic_lp,80,84,74,10,6,0.8809523809523809,0.925,0.9024390243902439
3hop_comp_32,0.7,sell,80,31,29,2,51,0.9354838709677419,0.3625,0.5225225225225225
3hop_comp_35,0.7,classic_lp,77,77,68,9,9,0.8831168831168831,0.8831168831168831,0.8831168831168831
3hop_comp_35,0.7,sell,77,24,22,2,55,0.9166666666666666,0.2857142857142857,0.4356435643564356
3hop_comp_36,0.7,classic_lp,71,70,56,14,15,0.8,0.7887323943661971,0.7943262411347518
3hop_comp_36,0.7,sell,71,18,15,3,56,0.8333333333333334,0.2112676056338028,0.33707865168539325
3hop_comp_43,0.7,classic_lp,53,69,43,26,10,0.6231884057971014,0.8113207547169812,0.7049180327868851
3hop_comp_43,0.7,sell,53,17,12,5,41,0.7058823529411765,0.22641509433962265,0.34285714285714286
3hop_comp_46,0.7,classic_lp,65,66,48,18,17,0.7272727272727273,0.7384615384615385,0.732824427480916
3hop_comp_46,0.7,sell,65,21,18,3,47,0.8571428571428571,0.27692307692307694,0.41860465116279066
3hop_comp_53,0.7,classic_lp,75,77,72,5,3,0.935064935064935,0.96,0.9473684210526316
3hop_comp_53,0.7,sell,75,21,21,0,54,1.0,0.28,0.43750000000000006
3hop_comp_59,0.7,classic_lp,66,42,35,7,31,0.8333333333333334,0.5303030303030303,0.6481481481481481
3hop_comp_59,0.7,sell,66,16,12,4,54,0.75,0.18181818181818182,0.2926829268292683
3hop_comp_60,0.7,classic_lp,64,64,64,0,0,1.0,1.0,1.0
3hop_comp_60,0.7,sell,64,30,30,0,34,1.0,0.46875,0.6382978723404256
3hop_comp_64,0.7,classic_lp,61,80,55,25,6,0.6875,0.9016393442622951,0.7801418439716312
3hop_comp_64,0.7,sell,61,27,22,5,39,0.8148148148148148,0.36065573770491804,0.5
3hop_comp_67,0.7,classic_lp,75,80,67,13,8,0.8375,0.8933333333333333,0.8645161290322579
3hop_comp_67,0.7,sell,75,38,33,5,42,0.868421052631579,0.44,0.5840707964601771
3hop_comp_72,0.7,classic_lp,74,50,46,4,28,0.92,0.6216216216216216,0.7419354838709677
3hop_comp_72,0.7,sell,74,24,23,1,51,0.9583333333333334,0.3108108108108108,0.4693877551020408
3hop_comp_73,0.7,classic_lp,72,86,68,18,4,0.7906976744186046,0.9444444444444444,0.8607594936708861
3hop_comp_73,0.7,sell,72,36,28,8,44,0.7777777777777778,0.3888888888888889,0.5185185185185185
3hop_comp_75,0.7,classic_lp,71,53,41,12,30,0.7735849056603774,0.5774647887323944,0.6612903225806451
3hop_comp_75,0.7,sell,71,22,15,7,56,0.6818181818181818,0.2112676056338028,0.3225806451612903
3hop_comp_77,0.7,classic_lp,78,81,71,10,7,0.8765432098765432,0.9102564102564102,0.8930817610062893
3hop_comp_77,0.7,sell,78,24,22,2,56,0.9166666666666666,0.28205128205128205,0.4313725490196078
3hop_comp_81,0.7,classic_lp,70,74,60,14,10,0.8108108108108109,0.8571428571428571,0.8333333333333334
3hop_comp_81,0.7,sell,70,21,18,3,52,0.8571428571428571,0.2571428571428571,0.39560439560439553
3hop_comp_84,0.7,classic_lp,76,70,62,8,14,0.8857142857142857,0.8157894736842105,0.8493150684931505
3hop_comp_84,0.7,sell,76,19,19,0,57,1.0,0.25,0.4
3hop_comp_85,0.7,classic_lp,69,80,62,18,7,0.775,0.8985507246376812,0.8322147651006713
3hop_comp_85,0.7,sell,69,25,22,3,47,0.88,0.3188405797101449,0.4680851063829787
3hop_comp_86,0.7,classic_lp,77,57,54,3,23,0.9473684210526315,0.7012987012987013,0.8059701492537314
3hop_comp_86,0.7,sell,77,27,25,2,52,0.9259259259259259,0.3246753246753247,0.48076923076923084
3hop_comp_87,0.7,classic_lp,79,84,74,10,5,0.8809523809523809,0.9367088607594937,0.9079754601226993
3hop_comp_87,0.7,sell,79,41,40,1,39,0.975609756097561,0.5063291139240507,0.6666666666666667
3hop_comp_94,0.7,classic_lp,56,63,40,23,16,0.6349206349206349,0.7142857142857143,0.6722689075630252
3hop_comp_94,0.7,sell,56,18,10,8,46,0.5555555555555556,0.17857142857142858,0.2702702702702703
3hop_comp_96,0.7,classic_lp,69,87,69,18,0,0.7931034482758621,1.0,0.8846153846153846
3hop_comp_96,0.7,sell,69,29,27,2,42,0.9310344827586207,0.391304347826087,0.5510204081632654
3hop_comp_100,0.7,classic_lp,52,42,23,19,29,0.5476190476190477,0.4423076923076923,0.4893617021276596
3hop_comp_100,0.7,sell,52,17,6,11,46,0.35294117647058826,0.11538461538461539,0.1739130434782609
3hop_comp_103,0.7,classic_lp,51,76,48,28,3,0.631578947368421,0.9411764705882353,0.7559055118110236
3hop_comp_103,0.7,sell,51,19,13,6,38,0.6842105263157895,0.2549019607843137,0.37142857142857144
3hop_comp_105,0.7,classic_lp,75,66,57,9,18,0.8636363636363636,0.76,0.8085106382978724
3hop_comp_105,0.7,sell,75,23,21,2,54,0.9130434782608695,0.28,0.42857142857142866
3hop_comp_108,0.7,classic_lp,76,77,65,12,11,0.8441558441558441,0.8552631578947368,0.8496732026143792
3hop_comp_108,0.7,sell,76,28,25,3,51,0.8928571428571429,0.32894736842105265,0.48076923076923084
3hop_comp_109,0.7,classic_lp,78,84,74,10,4,0.8809523809523809,0.9487179487179487,0.9135802469135802
3hop_comp_109,0.7,sell,78,26,24,2,54,0.9230769230769231,0.3076923076923077,0.4615384615384615
3hop_comp_110,0.7,classic_lp,55,66,45,21,10,0.6818181818181818,0.8181818181818182,0.7438016528925621
3hop_comp_110,0.7,sell,55,18,10,8,45,0.5555555555555556,0.18181818181818182,0.273972602739726
3hop_comp_112,0.7,classic_lp,37,59,37,22,0,0.6271186440677966,1.0,0.7708333333333333
3hop_comp_112,0.7,sell,37,19,15,4,22,0.7894736842105263,0.40540540540540543,0.5357142857142857
3hop_comp_115,0.7,classic_lp,69,65,54,11,15,0.8307692307692308,0.782608695652174,0.8059701492537313
3hop_comp_115,0.7,sell,69,23,20,3,49,0.8695652173913043,0.2898550724637681,0.4347826086956521
3hop_comp_116,0.7,classic_lp,64,63,46,17,18,0.7301587301587301,0.71875,0.7244094488188977
3hop_comp_116,0.7,sell,64,31,24,7,40,0.7741935483870968,0.375,0.5052631578947367
3hop_comp_120,0.7,classic_lp,80,75,68,7,12,0.9066666666666666,0.85,0.8774193548387097
3hop_comp_120,0.7,sell,80,26,25,1,55,0.9615384615384616,0.3125,0.4716981132075471
3hop_comp_121,0.7,classic_lp,75,71,64,7,11,0.9014084507042254,0.8533333333333334,0.8767123287671234
3hop_comp_121,0.7,sell,75,18,12,6,63,0.6666666666666666,0.16,0.25806451612903225
3hop_comp_122,0.7,classic_lp,78,75,65,10,13,0.8666666666666667,0.8333333333333334,0.8496732026143791
3hop_comp_122,0.7,sell,78,28,25,3,53,0.8928571428571429,0.32051282051282054,0.4716981132075472
3hop_comp_123,0.7,classic_lp,48,63,32,31,16,0.5079365079365079,0.6666666666666666,0.5765765765765767
3hop_comp_123,0.7,sell,48,13,9,4,39,0.6923076923076923,0.1875,0.29508196721311475
3hop_comp_130,0.7,classic_lp,70,70,70,0,0,1.0,1.0,1.0
3hop_comp_130,0.7,sell,70,18,18,0,52,1.0,0.2571428571428571,0.40909090909090906
3hop_comp_132,0.7,classic_lp,73,85,71,14,2,0.8352941176470589,0.9726027397260274,0.8987341772151899
3hop_comp_132,0.7,sell,73,26,23,3,50,0.8846153846153846,0.3150684931506849,0.46464646464646464
3hop_comp_137,0.7,classic_lp,80,83,70,13,10,0.8433734939759037,0.875,0.8588957055214724
3hop_comp_137,0.7,sell,80,30,27,3,53,0.9,0.3375,0.4909090909090909
3hop_comp_142,0.7,classic_lp,79,71,67,4,12,0.9436619718309859,0.8481012658227848,0.8933333333333333
3hop_comp_142,0.7,sell,79,29,27,2,52,0.9310344827586207,0.34177215189873417,0.5
